"Data Source","Indicadores del desarrollo mundial",

"Last Updated Date","2022-06-30",

"Country Name","Country Code","Indicator Name","Indicator Code","1960","1961","1962","1963","1964","1965","1966","1967","1968","1969","1970","1971","1972","1973","1974","1975","1976","1977","1978","1979","1980","1981","1982","1983","1984","1985","1986","1987","1988","1989","1990","1991","1992","1993","1994","1995","1996","1997","1998","1999","2000","2001","2002","2003","2004","2005","2006","2007","2008","2009","2010","2011","2012","2013","2014","2015","2016","2017","2018","2019","2020","2021",
"Aruba","ABW","Multidimensional poverty headcount ratio (% of total population)","SI.POV.MDIM","","","","","","","","","","","","","","","","","","","","","","","","","","","","","","","","","","","","","","","","","","","","","","","","","","","","","","","","","","","","","","",
"","AFE","Multidimensional poverty headcount ratio (% of total population)","SI.POV.MDIM","","","","","","","","","","","","","","","","","","","","","","","","","","","","","","","","","","","","","","","","","","","","","","","","","","","","","","","","","","","","","","",
"Afganistán","AFG","Multidimensional poverty headcount ratio (% of total population)","SI.POV.MDIM","","","","","","","","","","","","","","","","","","","","","","","","","","","","","","","","","","","","","","","","","","","","","","","","","","","","","","","","","51.7","","","","49.4","",
"","AFW","Multidimensional poverty headcount ratio (% of total population)","SI.POV.MDIM","","","","","","","","","","","","","","","","","","","","","","","","","","","","","","","","","","","","","","","","","","","","","","","","","","","","","","","","","","","","","","",
"Angola","AGO","Multidimensional poverty headcount ratio (% of total population)","SI.POV.MDIM","","","","","","","","","","","","","","","","","","","","","","","","","","","","","","","","","","","","","","","","","","","","","","","","","","","","","","","","54","","","","","","",
"Albania","ALB","Multidimensional poverty headcount ratio (% of total population)","SI.POV.MDIM","","","","","","","","","","","","","","","","","","","","","","","","","","","","","","","","","","","","","","","","","","","","","","","","","","","","","","","","","","51.8","49","46.2","43.4","",
"Andorra","AND","Multidimensional poverty headcount ratio (% of total population)","SI.POV.MDIM","","","","","","","","","","","","","","","","","","","","","","","","","","","","","","","","","","","","","","","","","","","","","","","","","","","","","","","","","","","","","","",
"El mundo árabe","ARB","Multidimensional poverty headcount ratio (% of total population)","SI.POV.MDIM","","","","","","","","","","","","","","","","","","","","","","","","","","","","","","","","","","","","","","","","","","","","","","","","","","","","","","","","","","","","","","",
"Emiratos Árabes Unidos","ARE","Multidimensional poverty headcount ratio (% of total population)","SI.POV.MDIM","","","","","","","","","","","","","","","","","","","","","","","","","","","","","","","","","","","","","","","","","","","","","","","","","","","","","","","","","","","","","","",
"Argentina","ARG","Multidimensional poverty headcount ratio (% of total population)","SI.POV.MDIM","","","","","","","","","","","","","","","","","","","","","","","","","","","","","","","","","","","","","","","","","","","","","","","","","","","","","","","","","","","","","","",
"Armenia","ARM","Multidimensional poverty headcount ratio (% of total population)","SI.POV.MDIM","","","","","","","","","","","","","","","","","","","","","","","","","","","","","","","","","","","","","","","","","","","","","","","","","","","41.2","33.9","31.3","30.5","31.9","29.1","27.8","25.8","23.6","","19.1","",
"Samoa Americana","ASM","Multidimensional poverty headcount ratio (% of total population)","SI.POV.MDIM","","","","","","","","","","","","","","","","","","","","","","","","","","","","","","","","","","","","","","","","","","","","","","","","","","","","","","","","","","","","","","",
"Antigua y Barbuda","ATG","Multidimensional poverty headcount ratio (% of total population)","SI.POV.MDIM","","","","","","","","","","","","","","","","","","","","","","","","","","","","","","","","","","","","","","","","","","","","","","","","","","","","","","","","","","","","","","",
"Australia","AUS","Multidimensional poverty headcount ratio (% of total population)","SI.POV.MDIM","","","","","","","","","","","","","","","","","","","","","","","","","","","","","","","","","","","","","","","","","","","","","","","","","","","","","","","","","","","","","","",
"Austria","AUT","Multidimensional poverty headcount ratio (% of total population)","SI.POV.MDIM","","","","","","","","","","","","","","","","","","","","","","","","","","","","","","","","","","","","","","","","","","","","","","","","","","","18.9","19.2","18.5","18.8","19.2","18.3","18","18.1","17.5","16.9","17.5","",
"Azerbaiyán","AZE","Multidimensional poverty headcount ratio (% of total population)","SI.POV.MDIM","","","","","","","","","","","","","","","","","","","","","","","","","","","","","","","","","","","","","","","","","","","","","","","","","","","","","","","","","","","","","","",
"Burundi","BDI","Multidimensional poverty headcount ratio (% of total population)","SI.POV.MDIM","","","","","","","","","","","","","","","","","","","","","","","","","","","","","","","","","","","","","","","","","","","","","","","","","","","","","","64.8","","","","","","","","",
"Bélgica","BEL","Multidimensional poverty headcount ratio (% of total population)","SI.POV.MDIM","","","","","","","","","","","","","","","","","","","","","","","","","","","","","","","","","","","","","","","","","","","","","","","","","","","20.8","21","21.6","20.8","21.2","21.1","20.9","20.6","20","19.5","18.9","",
"Benin","BEN","Multidimensional poverty headcount ratio (% of total population)","SI.POV.MDIM","","","","","","","","","","","","","","","","","","","","","","","","","","","","","","","","","","","","","","","","","","","","","","","","","","","","","","","","","","","","","","",
"Burkina Faso","BFA","Multidimensional poverty headcount ratio (% of total population)","SI.POV.MDIM","","","","","","","","","","","","","","","","","","","","","","","","","","","","","","","","","","","","","","","","","","","","","","","","","","","","","","","","","","","","","","",
"Bangladesh","BGD","Multidimensional poverty headcount ratio (% of total population)","SI.POV.MDIM","","","","","","","","","","","","","","","","","","","","","","","","","","","","","","","","","","","","","","","","","","","","","","","","","","","","","","","","","","","","","","",
"Bulgaria","BGR","Multidimensional poverty headcount ratio (% of total population)","SI.POV.MDIM","","","","","","","","","","","","","","","","","","","","","","","","","","","","","","","","","","","","","","","","","","","","","","","","","","","49.2","49.1","49.3","48","40.1","41.3","40.4","38.9","32.8","32.5","32.1","",
"Bahrein","BHR","Multidimensional poverty headcount ratio (% of total population)","SI.POV.MDIM","","","","","","","","","","","","","","","","","","","","","","","","","","","","","","","","","","","","","","","","","","","","","","","","","","","","","","","","","","","","","","",
"Bahamas","BHS","Multidimensional poverty headcount ratio (% of total population)","SI.POV.MDIM","","","","","","","","","","","","","","","","","","","","","","","","","","","","","","","","","","","","","","","","","","","","","","","","","","","","","","","","","","","","","","",
"Bosnia y Herzegovina","BIH","Multidimensional poverty headcount ratio (% of total population)","SI.POV.MDIM","","","","","","","","","","","","","","","","","","","","","","","","","","","","","","","","","","","","","","","","","","","","","","","","","","","","","","","","","","","","","","",
"Belarús","BLR","Multidimensional poverty headcount ratio (% of total population)","SI.POV.MDIM","","","","","","","","","","","","","","","","","","","","","","","","","","","","","","","","","","","","","","","","","","","","","","","","","","","","","","","","","","","","","","",
"Belice","BLZ","Multidimensional poverty headcount ratio (% of total population)","SI.POV.MDIM","","","","","","","","","","","","","","","","","","","","","","","","","","","","","","","","","","","","","","","","","","","","","","","","","","","","","","","","","","","","","","",
"Bermudas","BMU","Multidimensional poverty headcount ratio (% of total population)","SI.POV.MDIM","","","","","","","","","","","","","","","","","","","","","","","","","","","","","","","","","","","","","","","","","","","","","","","","","","","","","","","","","","","","","","",
"Bolivia","BOL","Multidimensional poverty headcount ratio (% of total population)","SI.POV.MDIM","","","","","","","","","","","","","","","","","","","","","","","","","","","","","","","","","","","","","","","","","","","","","","","","","","","","","","","","","","","","","","",
"Brasil","BRA","Multidimensional poverty headcount ratio (% of total population)","SI.POV.MDIM","","","","","","","","","","","","","","","","","","","","","","","","","","","","","","","","","","","","","","","","","","","","","","","","","","","","","","","","","","","","","","",
"Barbados","BRB","Multidimensional poverty headcount ratio (% of total population)","SI.POV.MDIM","","","","","","","","","","","","","","","","","","","","","","","","","","","","","","","","","","","","","","","","","","","","","","","","","","","","","","","","","","","","","","",
"Brunei Darussalam","BRN","Multidimensional poverty headcount ratio (% of total population)","SI.POV.MDIM","","","","","","","","","","","","","","","","","","","","","","","","","","","","","","","","","","","","","","","","","","","","","","","","","","","","","","","","","","","","","","",
"Bhután","BTN","Multidimensional poverty headcount ratio (% of total population)","SI.POV.MDIM","","","","","","","","","","","","","","","","","","","","","","","","","","","","","","","","","","","","","","","","","","","","","","","","","","","","","12.4","","","","","5.8","","","","",
"Botswana","BWA","Multidimensional poverty headcount ratio (% of total population)","SI.POV.MDIM","","","","","","","","","","","","","","","","","","","","","","","","","","","","","","","","","","","","","","","","","","","","","","","","","","","","","","","","","","","","","","",
"República Centroafricana","CAF","Multidimensional poverty headcount ratio (% of total population)","SI.POV.MDIM","","","","","","","","","","","","","","","","","","","","","","","","","","","","","","","","","","","","","","","","","","","","","","","","","","","","","","","","","","","","","","",
"Canadá","CAN","Multidimensional poverty headcount ratio (% of total population)","SI.POV.MDIM","","","","","","","","","","","","","","","","","","","","","","","","","","","","","","","","","","","","","","","","","","","","","","","","","","","","","","","","","","","","","","",
"Europa Central y del Báltico","CEB","Multidimensional poverty headcount ratio (% of total population)","SI.POV.MDIM","","","","","","","","","","","","","","","","","","","","","","","","","","","","","","","","","","","","","","","","","","","","","","","","","","","","","","","","","","","","","","",
"Suiza","CHE","Multidimensional poverty headcount ratio (% of total population)","SI.POV.MDIM","","","","","","","","","","","","","","","","","","","","","","","","","","","","","","","","","","","","","","","","","","","","","","","","","","","","","","","","","","","","","","",
"Islas del Canal","CHI","Multidimensional poverty headcount ratio (% of total population)","SI.POV.MDIM","","","","","","","","","","","","","","","","","","","","","","","","","","","","","","","","","","","","","","","","","","","","","","","","","","","","","","","","","","","","","","",
"Chile","CHL","Multidimensional poverty headcount ratio (% of total population)","SI.POV.MDIM","","","","","","","","","","","","","","","","","","","","","","","","","","","","","","","","","","","","","","","","","","","","","","","","","","","","24.3","","20.4","","20.9","","20.7","","","","",
"China","CHN","Multidimensional poverty headcount ratio (% of total population)","SI.POV.MDIM","","","","","","","","","","","","","","","","","","","","","","","","","","","","","","","","","","","","","","","","","","","","","","","","","","","","","","","","","","","","","","",
"Côte d'Ivoire","CIV","Multidimensional poverty headcount ratio (% of total population)","SI.POV.MDIM","","","","","","","","","","","","","","","","","","","","","","","","","","","","","","","","","","","","","","","","","","","","","","","","","","","","","","","","","","","","","","",
"Camerún","CMR","Multidimensional poverty headcount ratio (% of total population)","SI.POV.MDIM","","","","","","","","","","","","","","","","","","","","","","","","","","","","","","","","","","","","","","","","","","","","","","","","","","","","","","","","","","","","","","",
"Congo, República Democrática del","COD","Multidimensional poverty headcount ratio (% of total population)","SI.POV.MDIM","","","","","","","","","","","","","","","","","","","","","","","","","","","","","","","","","","","","","","","","","","","","","","","","","","","","","","","","","","","","","","",
"Congo, República del","COG","Multidimensional poverty headcount ratio (% of total population)","SI.POV.MDIM","","","","","","","","","","","","","","","","","","","","","","","","","","","","","","","","","","","","","","","","","","","","","","","","","","","","","","","","","","","","","","",
"Colombia","COL","Multidimensional poverty headcount ratio (% of total population)","SI.POV.MDIM","","","","","","","","","","","","","","","","","","","","","","","","","","","","","","","","","","","","","","","","","","","","","","","","","","","29.7","28.8","26.5","24.3","21.6","19.8","17.6","","19.1","17.5","18.1","",
"Comoras","COM","Multidimensional poverty headcount ratio (% of total population)","SI.POV.MDIM","","","","","","","","","","","","","","","","","","","","","","","","","","","","","","","","","","","","","","","","","","","","","","","","","","","","","","","","","","","","","","",
"Cabo Verde","CPV","Multidimensional poverty headcount ratio (% of total population)","SI.POV.MDIM","","","","","","","","","","","","","","","","","","","","","","","","","","","","","","","","","","","","","","","","","","","","","","","","","","","","","","","","","","","","","","",
"Costa Rica","CRI","Multidimensional poverty headcount ratio (% of total population)","SI.POV.MDIM","","","","","","","","","","","","","","","","","","","","","","","","","","","","","","","","","","","","","","","","","","","","","","","","","","","30.9422032877302","28.79957923639","26.2","25.3472112211607","25.7069427635349","26.1669480887656","25.0396719237987","23.0765411694186","23.6210876691913","20.715601092999","","",
"Estados pequeos del Caribe","CSS","Multidimensional poverty headcount ratio (% of total population)","SI.POV.MDIM","","","","","","","","","","","","","","","","","","","","","","","","","","","","","","","","","","","","","","","","","","","","","","","","","","","","","","","","","","","","","","",
"Cuba","CUB","Multidimensional poverty headcount ratio (% of total population)","SI.POV.MDIM","","","","","","","","","","","","","","","","","","","","","","","","","","","","","","","","","","","","","","","","","","","","","","","","","","","","","","","","","","","","","","",
"Curacao","CUW","Multidimensional poverty headcount ratio (% of total population)","SI.POV.MDIM","","","","","","","","","","","","","","","","","","","","","","","","","","","","","","","","","","","","","","","","","","","","","","","","","","","","","","","","","","","","","","",
"Islas Caimán","CYM","Multidimensional poverty headcount ratio (% of total population)","SI.POV.MDIM","","","","","","","","","","","","","","","","","","","","","","","","","","","","","","","","","","","","","","","","","","","","","","","","","","","","","","","","","","","","","","",
"Chipre","CYP","Multidimensional poverty headcount ratio (% of total population)","SI.POV.MDIM","","","","","","","","","","","","","","","","","","","","","","","","","","","","","","","","","","","","","","","","","","","","","","","","","","","24.6","24.6","27.1","27.8","27.4","28.9","27.7","25.2","23.9","22.3","21.3","",
"República Checa","CZE","Multidimensional poverty headcount ratio (% of total population)","SI.POV.MDIM","","","","","","","","","","","","","","","","","","","","","","","","","","","","","","","","","","","","","","","","","","","","","","","","","","","14.4","15.3","15.4","14.6","14.8","14","13.3","12.2","12.2","12.5","11.9","",
"Alemania","DEU","Multidimensional poverty headcount ratio (% of total population)","SI.POV.MDIM","","","","","","","","","","","","","","","","","","","","","","","","","","","","","","","","","","","","","","","","","","","","","","","","","","","19.7","19.9","19.6","20.3","20.6","20","19.7","19","18.7","17.4","24","",
"Djibouti","DJI","Multidimensional poverty headcount ratio (% of total population)","SI.POV.MDIM","","","","","","","","","","","","","","","","","","","","","","","","","","","","","","","","","","","","","","","","","","","","","","","","","","","","","","","","","","","","","","",
"Dominica","DMA","Multidimensional poverty headcount ratio (% of total population)","SI.POV.MDIM","","","","","","","","","","","","","","","","","","","","","","","","","","","","","","","","","","","","","","","","","","","","","","","","","","","","","","","","","","","","","","",
"Dinamarca","DNK","Multidimensional poverty headcount ratio (% of total population)","SI.POV.MDIM","","","","","","","","","","","","","","","","","","","","","","","","","","","","","","","","","","","","","","","","","","","","","","","","","","","18.3","17.6","17.5","18.3","17.9","17.7","16.8","17.2","17.4","16.5","15.9","",
"República Dominicana","DOM","Multidimensional poverty headcount ratio (% of total population)","SI.POV.MDIM","","","","","","","","","","","","","","","","","","","","","","","","","","","","","","","","","","","","","","","","","","","","","","","","","","","35.4","34.3","34.9","33.9","29.2","25.5","23.1","20.9","18.8","16.4","","",
"Argelia","DZA","Multidimensional poverty headcount ratio (% of total population)","SI.POV.MDIM","","","","","","","","","","","","","","","","","","","","","","","","","","","","","","","","","","","","","","","","","","","","","","","","","","","","","","","","","","","","","","",
"Asia oriental y el Pacífico (excluido altos ingresos)","EAP","Multidimensional poverty headcount ratio (% of total population)","SI.POV.MDIM","","","","","","","","","","","","","","","","","","","","","","","","","","","","","","","","","","","","","","","","","","","","","","","","","","","","","","","","","","","","","","",
"inicial del dividendo demográfico","EAR","Multidimensional poverty headcount ratio (% of total population)","SI.POV.MDIM","","","","","","","","","","","","","","","","","","","","","","","","","","","","","","","","","","","","","","","","","","","","","","","","","","","","","","","","","","","","","","",
"Asia oriental y el Pacífico","EAS","Multidimensional poverty headcount ratio (% of total population)","SI.POV.MDIM","","","","","","","","","","","","","","","","","","","","","","","","","","","","","","","","","","","","","","","","","","","","","","","","","","","","","","","","","","","","","","",
"Europa y Asia central (excluido altos ingresos)","ECA","Multidimensional poverty headcount ratio (% of total population)","SI.POV.MDIM","","","","","","","","","","","","","","","","","","","","","","","","","","","","","","","","","","","","","","","","","","","","","","","","","","","","","","","","","","","","","","",
"Europa y Asia central","ECS","Multidimensional poverty headcount ratio (% of total population)","SI.POV.MDIM","","","","","","","","","","","","","","","","","","","","","","","","","","","","","","","","","","","","","","","","","","","","","","","","","","","","","","","","","","","","","","",
"Ecuador","ECU","Multidimensional poverty headcount ratio (% of total population)","SI.POV.MDIM","","","","","","","","","","","","","","","","","","","","","","","","","","","","","","","","","","","","","","","","","","","","","","","","","","","46.08","40.71","37.83","38.66","37.37","34.95","35.1","34.59","37.86","38.13","","",
"Egipto, República Árabe de","EGY","Multidimensional poverty headcount ratio (% of total population)","SI.POV.MDIM","","","","","","","","","","","","","","","","","","","","","","","","","","","","","","","","","","","","","","","","","","","","","","","","","","","","","","","","","","","","","","",
"Zona del Euro","EMU","Multidimensional poverty headcount ratio (% of total population)","SI.POV.MDIM","","","","","","","","","","","","","","","","","","","","","","","","","","","","","","","","","","","","","","","","","","","","","","","","","","","","","","","","","","","","","","",
"Eritrea","ERI","Multidimensional poverty headcount ratio (% of total population)","SI.POV.MDIM","","","","","","","","","","","","","","","","","","","","","","","","","","","","","","","","","","","","","","","","","","","","","","","","","","","","","","","","","","","","","","",
"España","ESP","Multidimensional poverty headcount ratio (% of total population)","SI.POV.MDIM","","","","","","","","","","","","","","","","","","","","","","","","","","","","","","","","","","","","","","","","","","","","","","","","","","","26.1","26.7","27.2","27.3","29.2","28.6","27.9","26.6","26.1","25.3","26.4","",
"Estonia","EST","Multidimensional poverty headcount ratio (% of total population)","SI.POV.MDIM","","","","","","","","","","","","","","","","","","","","","","","","","","","","","","","","","","","","","","","","","","","","","","","","","","","21.7","23.1","23.4","23.5","26","24.2","24.4","23.4","24.4","24.3","23.3","",
"Etiopía","ETH","Multidimensional poverty headcount ratio (% of total population)","SI.POV.MDIM","","","","","","","","","","","","","","","","","","","","","","","","","","","","","","","","","","","","","","","","","","","","","","","","","","","","","","","","","","","","","","",
"Unión Europea","EUU","Multidimensional poverty headcount ratio (% of total population)","SI.POV.MDIM","","","","","","","","","","","","","","","","","","","","","","","","","","","","","","","","","","","","","","","","","","","","","","","","","","","","","","","","","","","","","","",
"Frágiles y situaciones de conflicto afectados","FCS","Multidimensional poverty headcount ratio (% of total population)","SI.POV.MDIM","","","","","","","","","","","","","","","","","","","","","","","","","","","","","","","","","","","","","","","","","","","","","","","","","","","","","","","","","","","","","","",
"Finlandia","FIN","Multidimensional poverty headcount ratio (% of total population)","SI.POV.MDIM","","","","","","","","","","","","","","","","","","","","","","","","","","","","","","","","","","","","","","","","","","","","","","","","","","","16.9","17.9","17.2","16","17.3","16.8","16.6","15.7","16.5","15.6","16","",
"Fiji","FJI","Multidimensional poverty headcount ratio (% of total population)","SI.POV.MDIM","","","","","","","","","","","","","","","","","","","","","","","","","","","","","","","","","","","","","","","","","","","","","","","","","","","","","","","","","","","","","","",
"Francia","FRA","Multidimensional poverty headcount ratio (% of total population)","SI.POV.MDIM","","","","","","","","","","","","","","","","","","","","","","","","","","","","","","","","","","","","","","","","","","","","","","","","","","","19.2","19.3","19.1","18.1","18.5","17.7","18.2","17","17.4","17.9","18.2","",
"Islas Feroe","FRO","Multidimensional poverty headcount ratio (% of total population)","SI.POV.MDIM","","","","","","","","","","","","","","","","","","","","","","","","","","","","","","","","","","","","","","","","","","","","","","","","","","","","","","","","","","","","","","",
"Micronesia (Estados Federados de)","FSM","Multidimensional poverty headcount ratio (% of total population)","SI.POV.MDIM","","","","","","","","","","","","","","","","","","","","","","","","","","","","","","","","","","","","","","","","","","","","","","","","","","","","","","","","","","","","","","",
"Gabón","GAB","Multidimensional poverty headcount ratio (% of total population)","SI.POV.MDIM","","","","","","","","","","","","","","","","","","","","","","","","","","","","","","","","","","","","","","","","","","","","","","","","","","","","","","","","","","","","","","",
"Reino Unido","GBR","Multidimensional poverty headcount ratio (% of total population)","SI.POV.MDIM","","","","","","","","","","","","","","","","","","","","","","","","","","","","","","","","","","","","","","","","","","","","","","","","","","","","","","","","","","","","","","",
"Georgia","GEO","Multidimensional poverty headcount ratio (% of total population)","SI.POV.MDIM","","","","","","","","","","","","","","","","","","","","","","","","","","","","","","","","","","","","","","","","","","","","","","","","","","","","","","","","","","","","","","",
"Ghana","GHA","Multidimensional poverty headcount ratio (% of total population)","SI.POV.MDIM","","","","","","","","","","","","","","","","","","","","","","","","","","","","","","","","","","","","","","","","","","","","","","","","","","","42.7","55","","","","","45.6","","47.8","","","",
"Gibraltar","GIB","Multidimensional poverty headcount ratio (% of total population)","SI.POV.MDIM","","","","","","","","","","","","","","","","","","","","","","","","","","","","","","","","","","","","","","","","","","","","","","","","","","","","","","","","","","","","","","",
"Guinea","GIN","Multidimensional poverty headcount ratio (% of total population)","SI.POV.MDIM","","","","","","","","","","","","","","","","","","","","","","","","","","","","","","","","","","","","","","","","","","","","","","","","","","","","","","","","","","","","","","",
"Gambia","GMB","Multidimensional poverty headcount ratio (% of total population)","SI.POV.MDIM","","","","","","","","","","","","","","","","","","","","","","","","","","","","","","","","","","","","","","","","","","","","","","","","","","","","","","","","","","","","","","",
"Guinea-Bissau","GNB","Multidimensional poverty headcount ratio (% of total population)","SI.POV.MDIM","","","","","","","","","","","","","","","","","","","","","","","","","","","","","","","","","","","","","","","","","","","","","","","","","","","65.1","","","","57.8","","","","","","","",
"Guinea Ecuatorial","GNQ","Multidimensional poverty headcount ratio (% of total population)","SI.POV.MDIM","","","","","","","","","","","","","","","","","","","","","","","","","","","","","","","","","","","","","","","","","","","","","","","","","","","","","","","","","","","","","","",
"Grecia","GRC","Multidimensional poverty headcount ratio (% of total population)","SI.POV.MDIM","","","","","","","","","","","","","","","","","","","","","","","","","","","","","","","","","","","","","","","","","","","","","","","","","","","27.7","31","34.6","35.7","36","35.7","35.6","34.8","31.8","30","28.9","",
"Granada","GRD","Multidimensional poverty headcount ratio (% of total population)","SI.POV.MDIM","","","","","","","","","","","","","","","","","","","","","","","","","","","","","","","","","","","","","","","","","","","","","","","","","","","","","","","","","","","","","","",
"Groenlandia","GRL","Multidimensional poverty headcount ratio (% of total population)","SI.POV.MDIM","","","","","","","","","","","","","","","","","","","","","","","","","","","","","","","","","","","","","","","","","","","","","","","","","","","","","","","","","","","","","","",
"Guatemala","GTM","Multidimensional poverty headcount ratio (% of total population)","SI.POV.MDIM","","","","","","","","","","","","","","","","","","","","","","","","","","","","","","","","","","","","","","","","","","","","","","","","","","","","","","","61.62","","","","","","","",
"Guam","GUM","Multidimensional poverty headcount ratio (% of total population)","SI.POV.MDIM","","","","","","","","","","","","","","","","","","","","","","","","","","","","","","","","","","","","","","","","","","","","","","","","","","","","","","","","","","","","","","",
"Guyana","GUY","Multidimensional poverty headcount ratio (% of total population)","SI.POV.MDIM","","","","","","","","","","","","","","","","","","","","","","","","","","","","","","","","","","","","","","","","","","","","","","","","","","","","","","","","","","","","","","",
"Ingreso alto","HIC","Multidimensional poverty headcount ratio (% of total population)","SI.POV.MDIM","","","","","","","","","","","","","","","","","","","","","","","","","","","","","","","","","","","","","","","","","","","","","","","","","","","","","","","","","","","","","","",
"Hong Kong, Región Administrativa Especial","HKG","Multidimensional poverty headcount ratio (% of total population)","SI.POV.MDIM","","","","","","","","","","","","","","","","","","","","","","","","","","","","","","","","","","","","","","","","","","","","","","","","","","","","","","","","","","","","","","",
"Honduras","HND","Multidimensional poverty headcount ratio (% of total population)","SI.POV.MDIM","","","","","","","","","","","","","","","","","","","","","","","","","","","","","","","","","","","","","","","","","","","","","","","","","","","","","","74.2","","","","","","","","",
"Países pobres muy endeudados (PPME)","HPC","Multidimensional poverty headcount ratio (% of total population)","SI.POV.MDIM","","","","","","","","","","","","","","","","","","","","","","","","","","","","","","","","","","","","","","","","","","","","","","","","","","","","","","","","","","","","","","",
"Croacia","HRV","Multidimensional poverty headcount ratio (% of total population)","SI.POV.MDIM","","","","","","","","","","","","","","","","","","","","","","","","","","","","","","","","","","","","","","","","","","","","","","","","","","","31.1","32.6","32.6","29.9","29.3","29.1","27.9","26.4","24.8","23.3","23.2","",
"Haití","HTI","Multidimensional poverty headcount ratio (% of total population)","SI.POV.MDIM","","","","","","","","","","","","","","","","","","","","","","","","","","","","","","","","","","","","","","","","","","","","","","","","","","","","","","","","","","","","","","",
"Hungría","HUN","Multidimensional poverty headcount ratio (% of total population)","SI.POV.MDIM","","","","","","","","","","","","","","","","","","","","","","","","","","","","","","","","","","","","","","","","","","","","","","","","","","","29.9","31.5","33.5","34.8","31.8","28.2","26.3","25.6","19.6","18.9","17.8","",
"Sólo BIRF","IBD","Multidimensional poverty headcount ratio (% of total population)","SI.POV.MDIM","","","","","","","","","","","","","","","","","","","","","","","","","","","","","","","","","","","","","","","","","","","","","","","","","","","","","","","","","","","","","","",
"BIRF y la AIF","IBT","Multidimensional poverty headcount ratio (% of total population)","SI.POV.MDIM","","","","","","","","","","","","","","","","","","","","","","","","","","","","","","","","","","","","","","","","","","","","","","","","","","","","","","","","","","","","","","",
"total de la AIF","IDA","Multidimensional poverty headcount ratio (% of total population)","SI.POV.MDIM","","","","","","","","","","","","","","","","","","","","","","","","","","","","","","","","","","","","","","","","","","","","","","","","","","","","","","","","","","","","","","",
"mezcla de la AIF","IDB","Multidimensional poverty headcount ratio (% of total population)","SI.POV.MDIM","","","","","","","","","","","","","","","","","","","","","","","","","","","","","","","","","","","","","","","","","","","","","","","","","","","","","","","","","","","","","","",
"Indonesia","IDN","Multidimensional poverty headcount ratio (% of total population)","SI.POV.MDIM","","","","","","","","","","","","","","","","","","","","","","","","","","","","","","","","","","","","","","","","","","","","","","","","","","","","","","","","","","","","","","",
"Sólo AIF","IDX","Multidimensional poverty headcount ratio (% of total population)","SI.POV.MDIM","","","","","","","","","","","","","","","","","","","","","","","","","","","","","","","","","","","","","","","","","","","","","","","","","","","","","","","","","","","","","","",
"Isla de Man","IMN","Multidimensional poverty headcount ratio (% of total population)","SI.POV.MDIM","","","","","","","","","","","","","","","","","","","","","","","","","","","","","","","","","","","","","","","","","","","","","","","","","","","","","","","","","","","","","","",
"India","IND","Multidimensional poverty headcount ratio (% of total population)","SI.POV.MDIM","","","","","","","","","","","","","","","","","","","","","","","","","","","","","","","","","","","","","","","","","","","","","","","","","","","","","","","","","","","","","","",
"No clasificado","INX","Multidimensional poverty headcount ratio (% of total population)","SI.POV.MDIM","","","","","","","","","","","","","","","","","","","","","","","","","","","","","","","","","","","","","","","","","","","","","","","","","","","","","","","","","","","","","","",
"Irlanda","IRL","Multidimensional poverty headcount ratio (% of total population)","SI.POV.MDIM","","","","","","","","","","","","","","","","","","","","","","","","","","","","","","","","","","","","","","","","","","","","","","","","","","","27.3","29.4","30.1","29.9","27.7","26.2","24.4","22.7","21.1","20.6","20.8","",
"Irán, República Islámica del","IRN","Multidimensional poverty headcount ratio (% of total population)","SI.POV.MDIM","","","","","","","","","","","","","","","","","","","","","","","","","","","","","","","","","","","","","","","","","","","","","","","","","","","","","","","","","","","","","","",
"Iraq","IRQ","Multidimensional poverty headcount ratio (% of total population)","SI.POV.MDIM","","","","","","","","","","","","","","","","","","","","","","","","","","","","","","","","","","","","","","","","","","","","","","","","","","","","","","","","","","","","","","",
"Islandia","ISL","Multidimensional poverty headcount ratio (% of total population)","SI.POV.MDIM","","","","","","","","","","","","","","","","","","","","","","","","","","","","","","","","","","","","","","","","","","","","","","","","","","","13.7","13.7","12.7","13","11.2","12.5","12.2","12.8","11","","","",
"Israel","ISR","Multidimensional poverty headcount ratio (% of total population)","SI.POV.MDIM","","","","","","","","","","","","","","","","","","","","","","","","","","","","","","","","","","","","","","","","","","","","","","","","","","","","","","","","","","","","","","",
"Italia","ITA","Multidimensional poverty headcount ratio (% of total population)","SI.POV.MDIM","","","","","","","","","","","","","","","","","","","","","","","","","","","","","","","","","","","","","","","","","","","","","","","","","","","25","28.1","29.9","28.5","28.3","28.7","30","28.9","27.3","25.6","","",
"Jamaica","JAM","Multidimensional poverty headcount ratio (% of total population)","SI.POV.MDIM","","","","","","","","","","","","","","","","","","","","","","","","","","","","","","","","","","","","","","","","","","","","","","","","","","","","","","","","","","","","","","",
"Jordania","JOR","Multidimensional poverty headcount ratio (% of total population)","SI.POV.MDIM","","","","","","","","","","","","","","","","","","","","","","","","","","","","","","","","","","","","","","","","","","","","","","","","","","","","","","","","","","","","","","",
"Japón","JPN","Multidimensional poverty headcount ratio (% of total population)","SI.POV.MDIM","","","","","","","","","","","","","","","","","","","","","","","","","","","","","","","","","","","","","","","","","","","","","","","","","","","","","","","","","","","","","","",
"Kazajstán","KAZ","Multidimensional poverty headcount ratio (% of total population)","SI.POV.MDIM","","","","","","","","","","","","","","","","","","","","","","","","","","","","","","","","","","","","","","","","","","","","","","","","","","","","","","","","","","","","","","",
"Kenya","KEN","Multidimensional poverty headcount ratio (% of total population)","SI.POV.MDIM","","","","","","","","","","","","","","","","","","","","","","","","","","","","","","","","","","","","","","","","","","","","","","","","","","","","","","","","","","","","","","",
"Kirguistán","KGZ","Multidimensional poverty headcount ratio (% of total population)","SI.POV.MDIM","","","","","","","","","","","","","","","","","","","","","","","","","","","","","","","","","","","","","","","","","","","","","","","","","","","","","","","","","","","","","","",
"Camboya","KHM","Multidimensional poverty headcount ratio (% of total population)","SI.POV.MDIM","","","","","","","","","","","","","","","","","","","","","","","","","","","","","","","","","","","","","","","","","","","","","","","","","","","","","","","","","","","","","","",
"Kiribati","KIR","Multidimensional poverty headcount ratio (% of total population)","SI.POV.MDIM","","","","","","","","","","","","","","","","","","","","","","","","","","","","","","","","","","","","","","","","","","","","","","","","","","","","","","","","","","","","","","",
"Saint Kitts y Nevis","KNA","Multidimensional poverty headcount ratio (% of total population)","SI.POV.MDIM","","","","","","","","","","","","","","","","","","","","","","","","","","","","","","","","","","","","","","","","","","","","","","","","","","","","","","","","","","","","","","",
"Corea, República de","KOR","Multidimensional poverty headcount ratio (% of total population)","SI.POV.MDIM","","","","","","","","","","","","","","","","","","","","","","","","","","","","","","","","","","","","","","","","","","","","","","","","","","","","","","","","","","","","","","",
"Kuwait","KWT","Multidimensional poverty headcount ratio (% of total population)","SI.POV.MDIM","","","","","","","","","","","","","","","","","","","","","","","","","","","","","","","","","","","","","","","","","","","","","","","","","","","","","","","","","","","","","","",
"América Latina y el Caribe (excluido altos ingresos)","LAC","Multidimensional poverty headcount ratio (% of total population)","SI.POV.MDIM","","","","","","","","","","","","","","","","","","","","","","","","","","","","","","","","","","","","","","","","","","","","","","","","","","","","","","","","","","","","","","",
"República Democrática Popular Lao","LAO","Multidimensional poverty headcount ratio (% of total population)","SI.POV.MDIM","","","","","","","","","","","","","","","","","","","","","","","","","","","","","","","","","","","","","","","","","","","","","","","","","","","","","","","","","","","","","","",
"Líbano","LBN","Multidimensional poverty headcount ratio (% of total population)","SI.POV.MDIM","","","","","","","","","","","","","","","","","","","","","","","","","","","","","","","","","","","","","","","","","","","","","","","","","","","","","","","","","","","","","","",
"Liberia","LBR","Multidimensional poverty headcount ratio (% of total population)","SI.POV.MDIM","","","","","","","","","","","","","","","","","","","","","","","","","","","","","","","","","","","","","","","","","","","","","","","","","","","","","","","","","","","","","","",
"Libia","LBY","Multidimensional poverty headcount ratio (% of total population)","SI.POV.MDIM","","","","","","","","","","","","","","","","","","","","","","","","","","","","","","","","","","","","","","","","","","","","","","","","","","","","","","","","","","","","","","",
"Santa Lucía","LCA","Multidimensional poverty headcount ratio (% of total population)","SI.POV.MDIM","","","","","","","","","","","","","","","","","","","","","","","","","","","","","","","","","","","","","","","","","","","","","","","","","","","","","","","","","","","","","","",
"América Latina y el Caribe","LCN","Multidimensional poverty headcount ratio (% of total population)","SI.POV.MDIM","","","","","","","","","","","","","","","","","","","","","","","","","","","","","","","","","","","","","","","","","","","","","","","","","","","","","","","","","","","","","","",
"Países menos desarrollados: clasificación de las Naciones Unidas","LDC","Multidimensional poverty headcount ratio (% of total population)","SI.POV.MDIM","","","","","","","","","","","","","","","","","","","","","","","","","","","","","","","","","","","","","","","","","","","","","","","","","","","","","","","","","","","","","","",
"Países de ingreso bajo","LIC","Multidimensional poverty headcount ratio (% of total population)","SI.POV.MDIM","","","","","","","","","","","","","","","","","","","","","","","","","","","","","","","","","","","","","","","","","","","","","","","","","","","","","","","","","","","","","","",
"Liechtenstein","LIE","Multidimensional poverty headcount ratio (% of total population)","SI.POV.MDIM","","","","","","","","","","","","","","","","","","","","","","","","","","","","","","","","","","","","","","","","","","","","","","","","","","","","","","","","","","","","","","",
"Sri Lanka","LKA","Multidimensional poverty headcount ratio (% of total population)","SI.POV.MDIM","","","","","","","","","","","","","","","","","","","","","","","","","","","","","","","","","","","","","","","","","","","","","","","","","","","","","","","","","2.37","","","16","","",
"Países de ingreso mediano bajo","LMC","Multidimensional poverty headcount ratio (% of total population)","SI.POV.MDIM","","","","","","","","","","","","","","","","","","","","","","","","","","","","","","","","","","","","","","","","","","","","","","","","","","","","","","","","","","","","","","",
"Ingreso mediano y bajo","LMY","Multidimensional poverty headcount ratio (% of total population)","SI.POV.MDIM","","","","","","","","","","","","","","","","","","","","","","","","","","","","","","","","","","","","","","","","","","","","","","","","","","","","","","","","","","","","","","",
"Lesotho","LSO","Multidimensional poverty headcount ratio (% of total population)","SI.POV.MDIM","","","","","","","","","","","","","","","","","","","","","","","","","","","","","","","","","","","","","","","","","","","","","","","","","","","","","","","","","","","","","","",
"avanzada del dividendo demográfico","LTE","Multidimensional poverty headcount ratio (% of total population)","SI.POV.MDIM","","","","","","","","","","","","","","","","","","","","","","","","","","","","","","","","","","","","","","","","","","","","","","","","","","","","","","","","","","","","","","",
"Lituania","LTU","Multidimensional poverty headcount ratio (% of total population)","SI.POV.MDIM","","","","","","","","","","","","","","","","","","","","","","","","","","","","","","","","","","","","","","","","","","","","","","","","","","","34","33.1","32.5","30.8","27.3","29.3","30.1","29.6","28.3","26.3","24.8","",
"Luxemburgo","LUX","Multidimensional poverty headcount ratio (% of total population)","SI.POV.MDIM","","","","","","","","","","","","","","","","","","","","","","","","","","","","","","","","","","","","","","","","","","","","","","","","","","","17.1","16.8","18.4","19","19","18.5","19.8","21.5","21.9","20.6","20.9","",
"Letonia","LVA","Multidimensional poverty headcount ratio (% of total population)","SI.POV.MDIM","","","","","","","","","","","","","","","","","","","","","","","","","","","","","","","","","","","","","","","","","","","","","","","","","","","38.2","40.1","36.2","35.1","32.7","30.9","28.5","28.2","28.4","27.3","26","",
"Región Administrativa Especial de Macao, China","MAC","Multidimensional poverty headcount ratio (% of total population)","SI.POV.MDIM","","","","","","","","","","","","","","","","","","","","","","","","","","","","","","","","","","","","","","","","","","","","","","","","","","","","","","","","","","","","","","",
"Isla de San Martín (parte francesa)","MAF","Multidimensional poverty headcount ratio (% of total population)","SI.POV.MDIM","","","","","","","","","","","","","","","","","","","","","","","","","","","","","","","","","","","","","","","","","","","","","","","","","","","","","","","","","","","","","","",
"Marruecos","MAR","Multidimensional poverty headcount ratio (% of total population)","SI.POV.MDIM","","","","","","","","","","","","","","","","","","","","","","","","","","","","","","","","","","","","","","","","","","","","","","","","","","","","9.8","","","8.2","","","","","","","",
"Mónaco","MCO","Multidimensional poverty headcount ratio (% of total population)","SI.POV.MDIM","","","","","","","","","","","","","","","","","","","","","","","","","","","","","","","","","","","","","","","","","","","","","","","","","","","","","","","","","","","","","","",
"República de Moldova","MDA","Multidimensional poverty headcount ratio (% of total population)","SI.POV.MDIM","","","","","","","","","","","","","","","","","","","","","","","","","","","","","","","","","","","","","","","","","","","","","","","","","","","","","","","","","","","","","","",
"Madagascar","MDG","Multidimensional poverty headcount ratio (% of total population)","SI.POV.MDIM","","","","","","","","","","","","","","","","","","","","","","","","","","","","","","","","","","","","","","","","","","","","","","","","","","","","","","","","","","","","","","",
"Maldivas","MDV","Multidimensional poverty headcount ratio (% of total population)","SI.POV.MDIM","","","","","","","","","","","","","","","","","","","","","","","","","","","","","","","","","","","","","","","","","","","","","","","","","","","","","","","","","28.4","","","","","",
"Oriente Medio y Norte de África","MEA","Multidimensional poverty headcount ratio (% of total population)","SI.POV.MDIM","","","","","","","","","","","","","","","","","","","","","","","","","","","","","","","","","","","","","","","","","","","","","","","","","","","","","","","","","","","","","","",
"México","MEX","Multidimensional poverty headcount ratio (% of total population)","SI.POV.MDIM","","","","","","","","","","","","","","","","","","","","","","","","","","","","","","","","","","","","","","","","","","","","","","","","","","","46.1","","45.5","","46.2","","43.2","","41.9","","43.9","",
"Islas Marshall","MHL","Multidimensional poverty headcount ratio (% of total population)","SI.POV.MDIM","","","","","","","","","","","","","","","","","","","","","","","","","","","","","","","","","","","","","","","","","","","","","","","","","","","","","","","","","","","","","","",
" Ingreso mediano","MIC","Multidimensional poverty headcount ratio (% of total population)","SI.POV.MDIM","","","","","","","","","","","","","","","","","","","","","","","","","","","","","","","","","","","","","","","","","","","","","","","","","","","","","","","","","","","","","","",
"Macedonia del Norte","MKD","Multidimensional poverty headcount ratio (% of total population)","SI.POV.MDIM","","","","","","","","","","","","","","","","","","","","","","","","","","","","","","","","","","","","","","","","","","","","","","","","","","","47.2","50.4","50.3","48.1","43.3","41.6","41.1","41.6","41.1","39.9","","",
"Malí","MLI","Multidimensional poverty headcount ratio (% of total population)","SI.POV.MDIM","","","","","","","","","","","","","","","","","","","","","","","","","","","","","","","","","","","","","","","","","","","","","","","","","","","","","","","","","39.8","","","","","",
"Malta","MLT","Multidimensional poverty headcount ratio (% of total population)","SI.POV.MDIM","","","","","","","","","","","","","","","","","","","","","","","","","","","","","","","","","","","","","","","","","","","","","","","","","","","21.2","22.1","23.1","24.6","23.9","23","20.3","19.3","19","20.1","19","",
"Myanmar","MMR","Multidimensional poverty headcount ratio (% of total population)","SI.POV.MDIM","","","","","","","","","","","","","","","","","","","","","","","","","","","","","","","","","","","","","","","","","","","","","","","","","","","","","","","","","","","","","","",
"Oriente Medio y Norte de África (excluido altos ingresos)","MNA","Multidimensional poverty headcount ratio (% of total population)","SI.POV.MDIM","","","","","","","","","","","","","","","","","","","","","","","","","","","","","","","","","","","","","","","","","","","","","","","","","","","","","","","","","","","","","","",
"Montenegro","MNE","Multidimensional poverty headcount ratio (% of total population)","SI.POV.MDIM","","","","","","","","","","","","","","","","","","","","","","","","","","","","","","","","","","","","","","","","","","","","","","","","","","","","","","37.3","37.5","35.9","34.6","33.7","31.4","30.5","30.9","",
"Mongolia","MNG","Multidimensional poverty headcount ratio (% of total population)","SI.POV.MDIM","","","","","","","","","","","","","","","","","","","","","","","","","","","","","","","","","","","","","","","","","","","","","","","","","","","","","","","","","","","","","","",
"Mariana","MNP","Multidimensional poverty headcount ratio (% of total population)","SI.POV.MDIM","","","","","","","","","","","","","","","","","","","","","","","","","","","","","","","","","","","","","","","","","","","","","","","","","","","","","","","","","","","","","","",
"Mozambique","MOZ","Multidimensional poverty headcount ratio (% of total population)","SI.POV.MDIM","","","","","","","","","","","","","","","","","","","","","","","","","","","","","","","","","","","","","","","","","","","","","","","","","","","","","","","53","","","","","","","",
"Mauritania","MRT","Multidimensional poverty headcount ratio (% of total population)","SI.POV.MDIM","","","","","","","","","","","","","","","","","","","","","","","","","","","","","","","","","","","","","","","","","","","","","","","","","","","","","","","","","","","","","","",
"Mauricio","MUS","Multidimensional poverty headcount ratio (% of total population)","SI.POV.MDIM","","","","","","","","","","","","","","","","","","","","","","","","","","","","","","","","","","","","","","","","","","","","","","","","","","","","","","","","","","","","","","",
"Malawi","MWI","Multidimensional poverty headcount ratio (% of total population)","SI.POV.MDIM","","","","","","","","","","","","","","","","","","","","","","","","","","","","","","","","","","","","","","","","","","","","","","","","","","","","","","","","","","","","","","",
"Malasia","MYS","Multidimensional poverty headcount ratio (% of total population)","SI.POV.MDIM","","","","","","","","","","","","","","","","","","","","","","","","","","","","","","","","","","","","","","","","","","","","","","","","","","","","","","","","","","","","","","",
"América del Norte","NAC","Multidimensional poverty headcount ratio (% of total population)","SI.POV.MDIM","","","","","","","","","","","","","","","","","","","","","","","","","","","","","","","","","","","","","","","","","","","","","","","","","","","","","","","","","","","","","","",
"Namibia","NAM","Multidimensional poverty headcount ratio (% of total population)","SI.POV.MDIM","","","","","","","","","","","","","","","","","","","","","","","","","","","","","","","","","","","","","","","","","","","","","","","","","","","","","","","","43.3","","","","","","",
"Nueva Caledonia","NCL","Multidimensional poverty headcount ratio (% of total population)","SI.POV.MDIM","","","","","","","","","","","","","","","","","","","","","","","","","","","","","","","","","","","","","","","","","","","","","","","","","","","","","","","","","","","","","","",
"Níger","NER","Multidimensional poverty headcount ratio (% of total population)","SI.POV.MDIM","","","","","","","","","","","","","","","","","","","","","","","","","","","","","","","","","","","","","","","","","","","","","","","","","","","","","","","","","","","","","","",
"Nigeria","NGA","Multidimensional poverty headcount ratio (% of total population)","SI.POV.MDIM","","","","","","","","","","","","","","","","","","","","","","","","","","","","","","","","","","","","","","","","","","","","","","","","","","","","","","","","","","53.7","","","","",
"Nicaragua","NIC","Multidimensional poverty headcount ratio (% of total population)","SI.POV.MDIM","","","","","","","","","","","","","","","","","","","","","","","","","","","","","","","","","","","","","","","","","","","","","","","","","","","","","","","","","","","","","","",
"Países Bajos","NLD","Multidimensional poverty headcount ratio (% of total population)","SI.POV.MDIM","","","","","","","","","","","","","","","","","","","","","","","","","","","","","","","","","","","","","","","","","","","","","","","","","","","15.1","15.7","15","15.9","16.5","16.4","16.7","17","16.7","16.5","16.3","",
"Noruega","NOR","Multidimensional poverty headcount ratio (% of total population)","SI.POV.MDIM","","","","","","","","","","","","","","","","","","","","","","","","","","","","","","","","","","","","","","","","","","","","","","","","","","","14.9","14.5","13.7","14.1","13.5","15","15.3","16","16.2","16.1","15.9","",
"Nepal","NPL","Multidimensional poverty headcount ratio (% of total population)","SI.POV.MDIM","","","","","","","","","","","","","","","","","","","","","","","","","","","","","","","","","","","","","","","","","","","","","","","","","","","","39.1","","","30.1","","","","","17.4","","",
"Nauru","NRU","Multidimensional poverty headcount ratio (% of total population)","SI.POV.MDIM","","","","","","","","","","","","","","","","","","","","","","","","","","","","","","","","","","","","","","","","","","","","","","","","","","","","","","","","","","","","","","",
"Nueva Zelandia","NZL","Multidimensional poverty headcount ratio (% of total population)","SI.POV.MDIM","","","","","","","","","","","","","","","","","","","","","","","","","","","","","","","","","","","","","","","","","","","","","","","","","","","","","","","","","","","","","","",
"Miembros OCDE","OED","Multidimensional poverty headcount ratio (% of total population)","SI.POV.MDIM","","","","","","","","","","","","","","","","","","","","","","","","","","","","","","","","","","","","","","","","","","","","","","","","","","","","","","","","","","","","","","",
"Omán","OMN","Multidimensional poverty headcount ratio (% of total population)","SI.POV.MDIM","","","","","","","","","","","","","","","","","","","","","","","","","","","","","","","","","","","","","","","","","","","","","","","","","","","","","","","","","","","","","","",
"Otros Estados pequeos","OSS","Multidimensional poverty headcount ratio (% of total population)","SI.POV.MDIM","","","","","","","","","","","","","","","","","","","","","","","","","","","","","","","","","","","","","","","","","","","","","","","","","","","","","","","","","","","","","","",
"Pakistán","PAK","Multidimensional poverty headcount ratio (% of total population)","SI.POV.MDIM","","","","","","","","","","","","","","","","","","","","","","","","","","","","","","","","","","","","","","","","","","","","","","","","","","","44.7","","40.8","","38.8","","","","","","","",
"Panamá","PAN","Multidimensional poverty headcount ratio (% of total population)","SI.POV.MDIM","","","","","","","","","","","","","","","","","","","","","","","","","","","","","","","","","","","","","","","","","","","","","","","","","","","","","","","","","","19.1","","","","",
"Perú","PER","Multidimensional poverty headcount ratio (% of total population)","SI.POV.MDIM","","","","","","","","","","","","","","","","","","","","","","","","","","","","","","","","","","","","","","","","","","","","","","","","","","","","","","","","","","","","","","",
"Filipinas","PHL","Multidimensional poverty headcount ratio (% of total population)","SI.POV.MDIM","","","","","","","","","","","","","","","","","","","","","","","","","","","","","","","","","","","","","","","","","","","","","","","","","","","","","","","","","","","","","","",
"Palau","PLW","Multidimensional poverty headcount ratio (% of total population)","SI.POV.MDIM","","","","","","","","","","","","","","","","","","","","","","","","","","","","","","","","","","","","","","","","","","","","","","","","","","","","","","","","","","","","","","",
"Papua Nueva Guinea","PNG","Multidimensional poverty headcount ratio (% of total population)","SI.POV.MDIM","","","","","","","","","","","","","","","","","","","","","","","","","","","","","","","","","","","","","","","","","","","","","","","","","","","","","","","","","","","","","","",
"Polonia","POL","Multidimensional poverty headcount ratio (% of total population)","SI.POV.MDIM","","","","","","","","","","","","","","","","","","","","","","","","","","","","","","","","","","","","","","","","","","","","","","","","","","","27.8","27.2","26.7","25.8","24.7","23.4","21.9","19.5","18.9","18.2","17.3","",
"previa al dividendo demográfico","PRE","Multidimensional poverty headcount ratio (% of total population)","SI.POV.MDIM","","","","","","","","","","","","","","","","","","","","","","","","","","","","","","","","","","","","","","","","","","","","","","","","","","","","","","","","","","","","","","",
"Puerto Rico","PRI","Multidimensional poverty headcount ratio (% of total population)","SI.POV.MDIM","","","","","","","","","","","","","","","","","","","","","","","","","","","","","","","","","","","","","","","","","","","","","","","","","","","","","","","","","","","","","","",
"Corea, República Popular Democrática de","PRK","Multidimensional poverty headcount ratio (% of total population)","SI.POV.MDIM","","","","","","","","","","","","","","","","","","","","","","","","","","","","","","","","","","","","","","","","","","","","","","","","","","","","","","","","","","","","","","",
"Portugal","PRT","Multidimensional poverty headcount ratio (% of total population)","SI.POV.MDIM","","","","","","","","","","","","","","","","","","","","","","","","","","","","","","","","","","","","","","","","","","","","","","","","","","","","","","","","","","","","","","",
"Paraguay","PRY","Multidimensional poverty headcount ratio (% of total population)","SI.POV.MDIM","","","","","","","","","","","","","","","","","","","","","","","","","","","","","","","","","","","","","","","","","","","","","","","","","","","","","","","","","34.28","30.55","29.57","26.75","24.93","",
"Ribera Occidental y Gaza","PSE","Multidimensional poverty headcount ratio (% of total population)","SI.POV.MDIM","","","","","","","","","","","","","","","","","","","","","","","","","","","","","","","","","","","","","","","","","","","","","","","","","","","","","","","","","24","","","","","",
"Estados pequeos de las Islas del Pacfico","PSS","Multidimensional poverty headcount ratio (% of total population)","SI.POV.MDIM","","","","","","","","","","","","","","","","","","","","","","","","","","","","","","","","","","","","","","","","","","","","","","","","","","","","","","","","","","","","","","",
"posterior al dividendo demográfico","PST","Multidimensional poverty headcount ratio (% of total population)","SI.POV.MDIM","","","","","","","","","","","","","","","","","","","","","","","","","","","","","","","","","","","","","","","","","","","","","","","","","","","","","","","","","","","","","","",
"Polinesia Francesa","PYF","Multidimensional poverty headcount ratio (% of total population)","SI.POV.MDIM","","","","","","","","","","","","","","","","","","","","","","","","","","","","","","","","","","","","","","","","","","","","","","","","","","","","","","","","","","","","","","",
"Qatar","QAT","Multidimensional poverty headcount ratio (% of total population)","SI.POV.MDIM","","","","","","","","","","","","","","","","","","","","","","","","","","","","","","","","","","","","","","","","","","","","","","","","","","","","","","","","","","","","","","",
"Rumania","ROU","Multidimensional poverty headcount ratio (% of total population)","SI.POV.MDIM","","","","","","","","","","","","","","","","","","","","","","","","","","","","","","","","","","","","","","","","","","","","","","","","","","","41.5","40.9","43.2","41.9","40.3","37.4","38.8","35.7","32.5","31.2","30.4","",
"Federación de Rusia","RUS","Multidimensional poverty headcount ratio (% of total population)","SI.POV.MDIM","","","","","","","","","","","","","","","","","","","","","","","","","","","","","","","","","","","","","","","","","","","","","","","","","","","","","","","","","","","","","","",
"Rwanda","RWA","Multidimensional poverty headcount ratio (% of total population)","SI.POV.MDIM","","","","","","","","","","","","","","","","","","","","","","","","","","","","","","","","","","","","","","","","","","","","","","","","","","","44.4","","","32.9","","","28.7","","","","","",
"Asia meridional","SAS","Multidimensional poverty headcount ratio (% of total population)","SI.POV.MDIM","","","","","","","","","","","","","","","","","","","","","","","","","","","","","","","","","","","","","","","","","","","","","","","","","","","","","","","","","","","","","","",
"Arabia Saudita","SAU","Multidimensional poverty headcount ratio (% of total population)","SI.POV.MDIM","","","","","","","","","","","","","","","","","","","","","","","","","","","","","","","","","","","","","","","","","","","","","","","","","","","","","","","","","","","","","","",
"Sudán","SDN","Multidimensional poverty headcount ratio (% of total population)","SI.POV.MDIM","","","","","","","","","","","","","","","","","","","","","","","","","","","","","","","","","","","","","","","","","","","","","","","","","","","","","","","","","","","","","","",
"Senegal","SEN","Multidimensional poverty headcount ratio (% of total population)","SI.POV.MDIM","","","","","","","","","","","","","","","","","","","","","","","","","","","","","","","","","","","","","","","","","","","","","","","","","","","","","","","","","","","","","","",
"Singapur","SGP","Multidimensional poverty headcount ratio (% of total population)","SI.POV.MDIM","","","","","","","","","","","","","","","","","","","","","","","","","","","","","","","","","","","","","","","","","","","","","","","","","","","","","","","","","","","","","","",
"Islas Salomón","SLB","Multidimensional poverty headcount ratio (% of total population)","SI.POV.MDIM","","","","","","","","","","","","","","","","","","","","","","","","","","","","","","","","","","","","","","","","","","","","","","","","","","","","","","","","","","","","","","",
"Sierra Leona","SLE","Multidimensional poverty headcount ratio (% of total population)","SI.POV.MDIM","","","","","","","","","","","","","","","","","","","","","","","","","","","","","","","","","","","","","","","","","","","","","","","","","","","","","","","","","","","","","","",
"El Salvador","SLV","Multidimensional poverty headcount ratio (% of total population)","SI.POV.MDIM","","","","","","","","","","","","","","","","","","","","","","","","","","","","","","","","","","","","","","","","","","","","","","","","","","","","","","","40.5","","39.4","38.9","33.8","32","","",
"San Marino","SMR","Multidimensional poverty headcount ratio (% of total population)","SI.POV.MDIM","","","","","","","","","","","","","","","","","","","","","","","","","","","","","","","","","","","","","","","","","","","","","","","","","","","","","","","","","","","","","","",
"Somalia","SOM","Multidimensional poverty headcount ratio (% of total population)","SI.POV.MDIM","","","","","","","","","","","","","","","","","","","","","","","","","","","","","","","","","","","","","","","","","","","","","","","","","","","","","","","","","","","","","","",
"Serbia","SRB","Multidimensional poverty headcount ratio (% of total population)","SI.POV.MDIM","","","","","","","","","","","","","","","","","","","","","","","","","","","","","","","","","","","","","","","","","","","","","","","","","","","","","","42","42.6","41.7","38.5","36.7","34.3","31.7","29.8","",
"África al sur del Sahara (excluido altos ingresos)","SSA","Multidimensional poverty headcount ratio (% of total population)","SI.POV.MDIM","","","","","","","","","","","","","","","","","","","","","","","","","","","","","","","","","","","","","","","","","","","","","","","","","","","","","","","","","","","","","","",
"Sudán del Sur","SSD","Multidimensional poverty headcount ratio (% of total population)","SI.POV.MDIM","","","","","","","","","","","","","","","","","","","","","","","","","","","","","","","","","","","","","","","","","","","","","","","","","","","","","","","","","","","","","","",
"África al sur del Sahara","SSF","Multidimensional poverty headcount ratio (% of total population)","SI.POV.MDIM","","","","","","","","","","","","","","","","","","","","","","","","","","","","","","","","","","","","","","","","","","","","","","","","","","","","","","","","","","","","","","",
"Pequeños Estados","SST","Multidimensional poverty headcount ratio (% of total population)","SI.POV.MDIM","","","","","","","","","","","","","","","","","","","","","","","","","","","","","","","","","","","","","","","","","","","","","","","","","","","","","","","","","","","","","","",
"Santo Tomé y Príncipe","STP","Multidimensional poverty headcount ratio (% of total population)","SI.POV.MDIM","","","","","","","","","","","","","","","","","","","","","","","","","","","","","","","","","","","","","","","","","","","","","","","","","","","","","","","","","","","","","","",
"Suriname","SUR","Multidimensional poverty headcount ratio (% of total population)","SI.POV.MDIM","","","","","","","","","","","","","","","","","","","","","","","","","","","","","","","","","","","","","","","","","","","","","","","","","","","","","","","","","","","","","","",
"República Eslovaca","SVK","Multidimensional poverty headcount ratio (% of total population)","SI.POV.MDIM","","","","","","","","","","","","","","","","","","","","","","","","","","","","","","","","","","","","","","","","","","","","","","","","","","","20.6","20.6","20.5","19.8","18.4","18.4","18.1","16.3","16.3","16.4","14.8","",
"Eslovenia","SVN","Multidimensional poverty headcount ratio (% of total population)","SI.POV.MDIM","","","","","","","","","","","","","","","","","","","","","","","","","","","","","","","","","","","","","","","","","","","","","","","","","","","18.3","19.3","19.6","20.4","20.4","19.2","18.4","17.1","16.2","14.4","15","",
"Suecia","SWE","Multidimensional poverty headcount ratio (% of total population)","SI.POV.MDIM","","","","","","","","","","","","","","","","","","","","","","","","","","","","","","","","","","","","","","","","","","","","","","","","","","","17.7","18.5","17.7","18.3","18.2","18.6","18.3","17.7","18","18.8","17.9","",
"Eswatini","SWZ","Multidimensional poverty headcount ratio (% of total population)","SI.POV.MDIM","","","","","","","","","","","","","","","","","","","","","","","","","","","","","","","","","","","","","","","","","","","","","","","","","","","","","","","","","","","","","","",
"Sint Maarten (Dutch part)","SXM","Multidimensional poverty headcount ratio (% of total population)","SI.POV.MDIM","","","","","","","","","","","","","","","","","","","","","","","","","","","","","","","","","","","","","","","","","","","","","","","","","","","","","","","","","","","","","","",
"Seychelles","SYC","Multidimensional poverty headcount ratio (% of total population)","SI.POV.MDIM","","","","","","","","","","","","","","","","","","","","","","","","","","","","","","","","","","","","","","","","","","","","","","","","","","","","","","","","","","","31.99","","","",
"República Árabe Siria","SYR","Multidimensional poverty headcount ratio (% of total population)","SI.POV.MDIM","","","","","","","","","","","","","","","","","","","","","","","","","","","","","","","","","","","","","","","","","","","","","","","","","","","","","","","","","","","","","","",
"Islas Turcas y Caicos","TCA","Multidimensional poverty headcount ratio (% of total population)","SI.POV.MDIM","","","","","","","","","","","","","","","","","","","","","","","","","","","","","","","","","","","","","","","","","","","","","","","","","","","","","","","","","","","","","","",
"Chad","TCD","Multidimensional poverty headcount ratio (% of total population)","SI.POV.MDIM","","","","","","","","","","","","","","","","","","","","","","","","","","","","","","","","","","","","","","","","","","","","","","","","","","","","","","","","","","","","","","",
"Asia oriental y el Pacífico (BIRF y la AIF)","TEA","Multidimensional poverty headcount ratio (% of total population)","SI.POV.MDIM","","","","","","","","","","","","","","","","","","","","","","","","","","","","","","","","","","","","","","","","","","","","","","","","","","","","","","","","","","","","","","",
"Europa y Asia central (BIRF y la AIF)","TEC","Multidimensional poverty headcount ratio (% of total population)","SI.POV.MDIM","","","","","","","","","","","","","","","","","","","","","","","","","","","","","","","","","","","","","","","","","","","","","","","","","","","","","","","","","","","","","","",
"Togo","TGO","Multidimensional poverty headcount ratio (% of total population)","SI.POV.MDIM","","","","","","","","","","","","","","","","","","","","","","","","","","","","","","","","","","","","","","","","","","","","","","","","","","","","","","","","","","","","","","",
"Tailandia","THA","Multidimensional poverty headcount ratio (% of total population)","SI.POV.MDIM","","","","","","","","","","","","","","","","","","","","","","","","","","","","","","","","","","","","","","","","","","","","","","","","","","","","","","","","","","17.61","","","","",
"Tayikistán","TJK","Multidimensional poverty headcount ratio (% of total population)","SI.POV.MDIM","","","","","","","","","","","","","","","","","","","","","","","","","","","","","","","","","","","","","","","","","","","","","","","","","","","","","","","","","","","","","","",
"Turkmenistán","TKM","Multidimensional poverty headcount ratio (% of total population)","SI.POV.MDIM","","","","","","","","","","","","","","","","","","","","","","","","","","","","","","","","","","","","","","","","","","","","","","","","","","","","","","","","","","","","","","",
"América Latina y el Caribe (BIRF y la AIF)","TLA","Multidimensional poverty headcount ratio (% of total population)","SI.POV.MDIM","","","","","","","","","","","","","","","","","","","","","","","","","","","","","","","","","","","","","","","","","","","","","","","","","","","","","","","","","","","","","","",
"Timor-Leste","TLS","Multidimensional poverty headcount ratio (% of total population)","SI.POV.MDIM","","","","","","","","","","","","","","","","","","","","","","","","","","","","","","","","","","","","","","","","","","","","","","","","","","","","","","","","","","","","","","",
"Oriente Medio y Norte de África (BIRF y la AIF)","TMN","Multidimensional poverty headcount ratio (% of total population)","SI.POV.MDIM","","","","","","","","","","","","","","","","","","","","","","","","","","","","","","","","","","","","","","","","","","","","","","","","","","","","","","","","","","","","","","",
"Tonga","TON","Multidimensional poverty headcount ratio (% of total population)","SI.POV.MDIM","","","","","","","","","","","","","","","","","","","","","","","","","","","","","","","","","","","","","","","","","","","","","","","","","","","","","","","","","","","","","","",
"Asia meridional (BIRF y la AIF)","TSA","Multidimensional poverty headcount ratio (% of total population)","SI.POV.MDIM","","","","","","","","","","","","","","","","","","","","","","","","","","","","","","","","","","","","","","","","","","","","","","","","","","","","","","","","","","","","","","",
"África al sur del Sahara (BIRF y la AIF)","TSS","Multidimensional poverty headcount ratio (% of total population)","SI.POV.MDIM","","","","","","","","","","","","","","","","","","","","","","","","","","","","","","","","","","","","","","","","","","","","","","","","","","","","","","","","","","","","","","",
"Trinidad y Tobago","TTO","Multidimensional poverty headcount ratio (% of total population)","SI.POV.MDIM","","","","","","","","","","","","","","","","","","","","","","","","","","","","","","","","","","","","","","","","","","","","","","","","","","","","","","","","","","","","","","",
"Túnez","TUN","Multidimensional poverty headcount ratio (% of total population)","SI.POV.MDIM","","","","","","","","","","","","","","","","","","","","","","","","","","","","","","","","","","","","","","","","","","","","","","","","","","","","","","","","","","","","","","",
"Turquía","TUR","Multidimensional poverty headcount ratio (% of total population)","SI.POV.MDIM","","","","","","","","","","","","","","","","","","","","","","","","","","","","","","","","","","","","","","","","","","","","","","","","","","","65.7","63.8","61.3","51.2","41.6","41.3","45.1","41.3","39.8","39.8","41.5","",
"Tuvalu","TUV","Multidimensional poverty headcount ratio (% of total population)","SI.POV.MDIM","","","","","","","","","","","","","","","","","","","","","","","","","","","","","","","","","","","","","","","","","","","","","","","","","","","","","","","","","","","","","","",
"Tanzanía","TZA","Multidimensional poverty headcount ratio (% of total population)","SI.POV.MDIM","","","","","","","","","","","","","","","","","","","","","","","","","","","","","","","","","","","","","","","","","","","","","","","","","","","","","","","","","","","","","","",
"Uganda","UGA","Multidimensional poverty headcount ratio (% of total population)","SI.POV.MDIM","","","","","","","","","","","","","","","","","","","","","","","","","","","","","","","","","","","","","","","","","","","","","","","","","","","","","","","","","","","","","","",
"Ucrania","UKR","Multidimensional poverty headcount ratio (% of total population)","SI.POV.MDIM","","","","","","","","","","","","","","","","","","","","","","","","","","","","","","","","","","","","","","","","","","","","","","","","","","","","","","","","","","","","","","",
"Ingreso mediano alto","UMC","Multidimensional poverty headcount ratio (% of total population)","SI.POV.MDIM","","","","","","","","","","","","","","","","","","","","","","","","","","","","","","","","","","","","","","","","","","","","","","","","","","","","","","","","","","","","","","",
"Uruguay","URY","Multidimensional poverty headcount ratio (% of total population)","SI.POV.MDIM","","","","","","","","","","","","","","","","","","","","","","","","","","","","","","","","","","","","","","","","","","","","","","","","","","","","","","","","","","","","","","",
"Estados Unidos","USA","Multidimensional poverty headcount ratio (% of total population)","SI.POV.MDIM","","","","","","","","","","","","","","","","","","","","","","","","","","","","","","","","","","","","","","","","","","","","","","","","","","","","","","","","","","","","","","",
"Uzbekistán","UZB","Multidimensional poverty headcount ratio (% of total population)","SI.POV.MDIM","","","","","","","","","","","","","","","","","","","","","","","","","","","","","","","","","","","","","","","","","","","","","","","","","","","","","","","","","","","","","","",
"San Vicente y las Granadinas","VCT","Multidimensional poverty headcount ratio (% of total population)","SI.POV.MDIM","","","","","","","","","","","","","","","","","","","","","","","","","","","","","","","","","","","","","","","","","","","","","","","","","","","","","","","","","","","","","","",
"Venezuela","VEN","Multidimensional poverty headcount ratio (% of total population)","SI.POV.MDIM","","","","","","","","","","","","","","","","","","","","","","","","","","","","","","","","","","","","","","","","","","","","","","","","","","","","","","","","","","","","","","",
"Islas Vírgenes Británicas","VGB","Multidimensional poverty headcount ratio (% of total population)","SI.POV.MDIM","","","","","","","","","","","","","","","","","","","","","","","","","","","","","","","","","","","","","","","","","","","","","","","","","","","","","","","","","","","","","","",
"Islas Vírgenes (EE.UU.)","VIR","Multidimensional poverty headcount ratio (% of total population)","SI.POV.MDIM","","","","","","","","","","","","","","","","","","","","","","","","","","","","","","","","","","","","","","","","","","","","","","","","","","","","","","","","","","","","","","",
"Viet Nam","VNM","Multidimensional poverty headcount ratio (% of total population)","SI.POV.MDIM","","","","","","","","","","","","","","","","","","","","","","","","","","","","","","","","","","","","","","","","","","","","","","","","","","","","","","","","","","","","","","",
"Vanuatu","VUT","Multidimensional poverty headcount ratio (% of total population)","SI.POV.MDIM","","","","","","","","","","","","","","","","","","","","","","","","","","","","","","","","","","","","","","","","","","","","","","","","","","","","","","","","","","","","","","",
"Mundo","WLD","Multidimensional poverty headcount ratio (% of total population)","SI.POV.MDIM","","","","","","","","","","","","","","","","","","","","","","","","","","","","","","","","","","","","","","","","","","","","","","","","","","","","","","","","","","","","","","",
"Samoa","WSM","Multidimensional poverty headcount ratio (% of total population)","SI.POV.MDIM","","","","","","","","","","","","","","","","","","","","","","","","","","","","","","","","","","","","","","","","","","","","","","","","","","","","","","","","","","","","","","",
"Kosovo","XKX","Multidimensional poverty headcount ratio (% of total population)","SI.POV.MDIM","","","","","","","","","","","","","","","","","","","","","","","","","","","","","","","","","","","","","","","","","","","","","","","","","","","","","","","","","","","56.7","","","",
"Yemen, Rep. del","YEM","Multidimensional poverty headcount ratio (% of total population)","SI.POV.MDIM","","","","","","","","","","","","","","","","","","","","","","","","","","","","","","","","","","","","","","","","","","","","","","","","","","","","","","","","","","","","","","",
"Sudáfrica","ZAF","Multidimensional poverty headcount ratio (% of total population)","SI.POV.MDIM","","","","","","","","","","","","","","","","","","","","","","","","","","","","","","","","","","","","","","","","","","","","","","","","","","","","8","","","","","7","","","","","",
"Zambia","ZMB","Multidimensional poverty headcount ratio (% of total population)","SI.POV.MDIM","","","","","","","","","","","","","","","","","","","","","","","","","","","","","","","","","","","","","","","","","","","","","","","","","","","","","","","","","","","","","","",
"Zimbabwe","ZWE","Multidimensional poverty headcount ratio (% of total population)","SI.POV.MDIM","","","","","","","","","","","","","","","","","","","","","","","","","","","","","","","","","","","","","","","","","","","","","","","","","","","","","","","","","","","","","","",
